-- phpMyAdmin SQL Dump
-- version 5.2.1
-- https://www.phpmyadmin.net/
--
-- Host: 127.0.0.1
-- Generation Time: Jan 15, 2026 at 04:10 AM
-- Server version: 10.4.32-MariaDB
-- PHP Version: 8.2.12

SET SQL_MODE = "NO_AUTO_VALUE_ON_ZERO";
START TRANSACTION;
SET time_zone = "+00:00";


/*!40101 SET @OLD_CHARACTER_SET_CLIENT=@@CHARACTER_SET_CLIENT */;
/*!40101 SET @OLD_CHARACTER_SET_RESULTS=@@CHARACTER_SET_RESULTS */;
/*!40101 SET @OLD_COLLATION_CONNECTION=@@COLLATION_CONNECTION */;
/*!40101 SET NAMES utf8mb4 */;

--
-- Database: `laporan_kelurahan`
--

-- --------------------------------------------------------

--
-- Table structure for table `admin`
--

CREATE TABLE `admin` (
  `Id_admin` int(11) NOT NULL,
  `nama` text NOT NULL,
  `password` varchar(8) NOT NULL,
  `email` varchar(100) NOT NULL
) ENGINE=InnoDB DEFAULT CHARSET=utf8mb4 COLLATE=utf8mb4_general_ci;

-- --------------------------------------------------------

--
-- Table structure for table `foto`
--

CREATE TABLE `foto` (
  `id_foto` int(11) NOT NULL,
  `id_pengaduan` int(11) NOT NULL,
  `file` varchar(1000) NOT NULL,
  `Waktu` timestamp(6) NOT NULL DEFAULT current_timestamp(6) ON UPDATE current_timestamp(6),
  `id_pengirim` int(11) NOT NULL
) ENGINE=InnoDB DEFAULT CHARSET=utf8mb4 COLLATE=utf8mb4_general_ci;

--
-- Dumping data for table `foto`
--

INSERT INTO `foto` (`id_foto`, `id_pengaduan`, `file`, `Waktu`, `id_pengirim`) VALUES
(1, 4, 'data:image/jpeg;base64,/9j/4AAQSkZJRgABAQAAAQABAAD/4gHYSUNDX1BST0ZJTEUAAQEAAAHIAAAAAAQwAABtbnRyUkdCIFhZWiAH4AABAAEAAAAAAABhY3NwAAAAAAAAAAAAAAAAAAAAAAAAAAAAAAAAAAAAAQAA9tYAAQAAAADTLQAAAAAAAAAAAAAAAAAAAAAAAAAAAAAAAAAAAAAAAAAAAAAAAAAAAAAAAAAAAAAAAAAAAAlkZXNjAAAA8AAAACRyWFlaAAABFAAAABRnWFlaAAABKAAAABRiWFlaAAABPAAAABR3dHB0AAABUAAAABRyVFJDAAABZAAAAChnVFJDAAABZAAAAChiVFJDAAABZAAAAChjcHJ0AAABjAAAADxtbHVjAAAAAAAAAAEAAAAMZW5VUwAAAAgAAAAcAHMAUgBHAEJYWVogAAAAAAAAb6IAADj1AAADkFhZWiAAAAAAAABimQAAt4UAABjaWFlaIAAAAAAAACSgAAAPhAAAts9YWVogAAAAAAAA9tYAAQAAAADTLXBhcmEAAAAAAAQAAAACZmYAAPKnAAANWQAAE9AAAApbAAAAAAAAAABtbHVjAAAAAAAAAAEAAAAMZW5VUwAAACAAAAAcAEcAbwBvAGcAbABlACAASQBuAGMALgAgADIAMAAxADb/2wBDABQODxIPDRQSEBIXFRQYHjIhHhwcHj0sLiQySUBMS0dARkVQWnNiUFVtVkVGZIhlbXd7gYKBTmCNl4x9lnN+gXz/2wBDARUXFx4aHjshITt8U0ZTfHx8fHx8fHx8fHx8fHx8fHx8fHx8fHx8fHx8fHx8fHx8fHx8fHx8fHx8fHx8fHx8fHz/wAARCALlBIwDASIAAhEBAxEB/8QAGwABAAIDAQEAAAAAAAAAAAAAAAIEAwUGAQf/xABLEAACAgECBAMFAwcJBwIGAwAAAQIDBBESBSExURNBkQYUImFxMoHRFVSTobHB0hYjM', '2025-12-24 15:13:14.000000', 4),
(2, 5, 'data:image/png;base64,iVBORw0KGgoAAAANSUhEUgAAAgAAAAIACAMAAADDpiTIAAAAA3NCSVQICAjb4U/gAAAACXBIWXMAAA9lAAAPZQFXwiB7AAAAGXRFWHRTb2Z0d2FyZQB3d3cuaW5rc2NhcGUub3Jnm+48GgAAAvdQTFRF////AAAAAAAAAAAAAAAAAAAAAAAAAAAAAAAAAAAAAAAAAAAAAAAAAAAAAAAAAAAAAAAAAAAAAAAAAAAAAAAAAAAAAAAAAAAAAAAAAAAAAAAAAAAAAAAAAAAAAAAAAAAAAAAAAAAAAAAAAAAAAAAAAAAAAAAAAAAAAAAAAAAAAAAAAAAAAAAAAAAAAAAAAAAAAAAAAAAAAAAAAAAAAAAAAAAAAAAAAAAAAAAAAAAAAAAAAAAAAAAAAAAAAAAAAAAAAAAAAAAAAAAAAAAAAAAAAAAAAAAAAAAAAAAAAAAAAAAAAAAAAAAAAAAAAAAAAAAAAAAAAAAAAAAAAAAAAAAAAAAAAAAAAAAAAAAAAAAAAAAAAAAAAAAAAAAAAAAAAAAAAAAAAAAAAAAAAAAAAAAAAAAAAAAAAAAAAAAAAAAAAAAAAAAAAAAAAAAAAAAAAAAAAAAAAAAAAAAAAAAAAAAAAAAAAAAAAAAAAAAAAAAAAAAAAAAAAAAAAAAAAAAAAAAAAAAAAAAAAAAAAAAAAAAAAAAAAAAAAAAAAAAAAAAAAAAAAAAAAAAAAAAAAAAAAAAAAAAAAAAAAAAAAAAAAAAAAAAAAAAAAAAAAAAAAAAAAAAAAAAAAAAAAAAAAAAAAAAAAAAAAAAAAAAAAAAAAAAAAAAAAAAAAAAAAAAAAAAAAAAAAAAAAAAAAAAAAAAAAAAAAAAAAAAAAAAAAAAAAAAAAAAAAAAAAAAAAAAAAAAAAAAAAAAAAAAAAAAAAAAAAAAAAAAAAAAAAAAAAAAAAAAAAAAAAAAAAAAAAAAAAAAAAAAAAAAAAAAAAAAAAA', '2025-12-31 02:13:30.000000', 5),
(3, 6, 'data:image/png;base64,iVBORw0KGgoAAAANSUhEUgAAAgAAAAIACAMAAADDpiTIAAAAA3NCSVQICAjb4U/gAAAACXBIWXMAAA9lAAAPZQFXwiB7AAAAGXRFWHRTb2Z0d2FyZQB3d3cuaW5rc2NhcGUub3Jnm+48GgAAAvdQTFRF////AAAAAAAAAAAAAAAAAAAAAAAAAAAAAAAAAAAAAAAAAAAAAAAAAAAAAAAAAAAAAAAAAAAAAAAAAAAAAAAAAAAAAAAAAAAAAAAAAAAAAAAAAAAAAAAAAAAAAAAAAAAAAAAAAAAAAAAAAAAAAAAAAAAAAAAAAAAAAAAAAAAAAAAAAAAAAAAAAAAAAAAAAAAAAAAAAAAAAAAAAAAAAAAAAAAAAAAAAAAAAAAAAAAAAAAAAAAAAAAAAAAAAAAAAAAAAAAAAAAAAAAAAAAAAAAAAAAAAAAAAAAAAAAAAAAAAAAAAAAAAAAAAAAAAAAAAAAAAAAAAAAAAAAAAAAAAAAAAAAAAAAAAAAAAAAAAAAAAAAAAAAAAAAAAAAAAAAAAAAAAAAAAAAAAAAAAAAAAAAAAAAAAAAAAAAAAAAAAAAAAAAAAAAAAAAAAAAAAAAAAAAAAAAAAAAAAAAAAAAAAAAAAAAAAAAAAAAAAAAAAAAAAAAAAAAAAAAAAAAAAAAAAAAAAAAAAAAAAAAAAAAAAAAAAAAAAAAAAAAAAAAAAAAAAAAAAAAAAAAAAAAAAAAAAAAAAAAAAAAAAAAAAAAAAAAAAAAAAAAAAAAAAAAAAAAAAAAAAAAAAAAAAAAAAAAAAAAAAAAAAAAAAAAAAAAAAAAAAAAAAAAAAAAAAAAAAAAAAAAAAAAAAAAAAAAAAAAAAAAAAAAAAAAAAAAAAAAAAAAAAAAAAAAAAAAAAAAAAAAAAAAAAAAAAAAAAAAAAAAAAAAAAAAAAAAAAAAAAAAAAAAAAAAAAAAAAAAAAAAAAAAAAAAAAAAAAAAAAAAAAA', '2025-12-31 02:22:12.000000', 6),
(4, 7, 'data:image/png;base64,iVBORw0KGgoAAAANSUhEUgAAAgAAAAIACAMAAADDpiTIAAAAA3NCSVQICAjb4U/gAAAACXBIWXMAAA9lAAAPZQFXwiB7AAAAGXRFWHRTb2Z0d2FyZQB3d3cuaW5rc2NhcGUub3Jnm+48GgAAAvdQTFRF////AAAAAAAAAAAAAAAAAAAAAAAAAAAAAAAAAAAAAAAAAAAAAAAAAAAAAAAAAAAAAAAAAAAAAAAAAAAAAAAAAAAAAAAAAAAAAAAAAAAAAAAAAAAAAAAAAAAAAAAAAAAAAAAAAAAAAAAAAAAAAAAAAAAAAAAAAAAAAAAAAAAAAAAAAAAAAAAAAAAAAAAAAAAAAAAAAAAAAAAAAAAAAAAAAAAAAAAAAAAAAAAAAAAAAAAAAAAAAAAAAAAAAAAAAAAAAAAAAAAAAAAAAAAAAAAAAAAAAAAAAAAAAAAAAAAAAAAAAAAAAAAAAAAAAAAAAAAAAAAAAAAAAAAAAAAAAAAAAAAAAAAAAAAAAAAAAAAAAAAAAAAAAAAAAAAAAAAAAAAAAAAAAAAAAAAAAAAAAAAAAAAAAAAAAAAAAAAAAAAAAAAAAAAAAAAAAAAAAAAAAAAAAAAAAAAAAAAAAAAAAAAAAAAAAAAAAAAAAAAAAAAAAAAAAAAAAAAAAAAAAAAAAAAAAAAAAAAAAAAAAAAAAAAAAAAAAAAAAAAAAAAAAAAAAAAAAAAAAAAAAAAAAAAAAAAAAAAAAAAAAAAAAAAAAAAAAAAAAAAAAAAAAAAAAAAAAAAAAAAAAAAAAAAAAAAAAAAAAAAAAAAAAAAAAAAAAAAAAAAAAAAAAAAAAAAAAAAAAAAAAAAAAAAAAAAAAAAAAAAAAAAAAAAAAAAAAAAAAAAAAAAAAAAAAAAAAAAAAAAAAAAAAAAAAAAAAAAAAAAAAAAAAAAAAAAAAAAAAAAAAAAAAAAAAAAAAAAAAAAAAAAAAAAAAAAAAAAAAAAAAA', '2026-01-06 06:19:22.000000', 7),
(5, 8, 'data:image/jpeg;base64,/9j/4AAQSkZJRgABAQAAAQABAAD/4gHYSUNDX1BST0ZJTEUAAQEAAAHIAAAAAAQwAABtbnRyUkdCIFhZWiAH4AABAAEAAAAAAABhY3NwAAAAAAAAAAAAAAAAAAAAAAAAAAAAAAAAAAAAAQAA9tYAAQAAAADTLQAAAAAAAAAAAAAAAAAAAAAAAAAAAAAAAAAAAAAAAAAAAAAAAAAAAAAAAAAAAAAAAAAAAAlkZXNjAAAA8AAAACRyWFlaAAABFAAAABRnWFlaAAABKAAAABRiWFlaAAABPAAAABR3dHB0AAABUAAAABRyVFJDAAABZAAAAChnVFJDAAABZAAAAChiVFJDAAABZAAAAChjcHJ0AAABjAAAADxtbHVjAAAAAAAAAAEAAAAMZW5VUwAAAAgAAAAcAHMAUgBHAEJYWVogAAAAAAAAb6IAADj1AAADkFhZWiAAAAAAAABimQAAt4UAABjaWFlaIAAAAAAAACSgAAAPhAAAts9YWVogAAAAAAAA9tYAAQAAAADTLXBhcmEAAAAAAAQAAAACZmYAAPKnAAANWQAAE9AAAApbAAAAAAAAAABtbHVjAAAAAAAAAAEAAAAMZW5VUwAAACAAAAAcAEcAbwBvAGcAbABlACAASQBuAGMALgAgADIAMAAxADb/2wBDAC8gIykjHS8pJik1Mi84R3ZMR0FBR5BnbVV2q5azsKiWpaK81P/lvMj/y6Kl6//u////////tuL/////////////2wBDATI1NUc+R4pMTIr/wqXC////////////////////////////////////////////////////////////////////wAARCAJmAcwDASIAAhEBAxEB/8QAGQAAAwEBAQAAAAAAAAAAAAAAAAECAwQF/8QAORAAAQQBBAEDAwMCBQUAAQUAAQACESExAxJBUWEEInETgZEyobFC0RQjUsHhQ2Jy8PFTB', '2026-01-06 16:10:15.000000', 8),
(6, 9, 'data:image/jpeg;base64,/9j/4AAQSkZJRgABAQAAAQABAAD/4gHYSUNDX1BST0ZJTEUAAQEAAAHIAAAAAAQwAABtbnRyUkdCIFhZWiAH4AABAAEAAAAAAABhY3NwAAAAAAAAAAAAAAAAAAAAAAAAAAAAAAAAAAAAAQAA9tYAAQAAAADTLQAAAAAAAAAAAAAAAAAAAAAAAAAAAAAAAAAAAAAAAAAAAAAAAAAAAAAAAAAAAAAAAAAAAAlkZXNjAAAA8AAAACRyWFlaAAABFAAAABRnWFlaAAABKAAAABRiWFlaAAABPAAAABR3dHB0AAABUAAAABRyVFJDAAABZAAAAChnVFJDAAABZAAAAChiVFJDAAABZAAAAChjcHJ0AAABjAAAADxtbHVjAAAAAAAAAAEAAAAMZW5VUwAAAAgAAAAcAHMAUgBHAEJYWVogAAAAAAAAb6IAADj1AAADkFhZWiAAAAAAAABimQAAt4UAABjaWFlaIAAAAAAAACSgAAAPhAAAts9YWVogAAAAAAAA9tYAAQAAAADTLXBhcmEAAAAAAAQAAAACZmYAAPKnAAANWQAAE9AAAApbAAAAAAAAAABtbHVjAAAAAAAAAAEAAAAMZW5VUwAAACAAAAAcAEcAbwBvAGcAbABlACAASQBuAGMALgAgADIAMAAxADb/2wBDAC8gIykjHS8pJik1Mi84R3ZMR0FBR5BnbVV2q5azsKiWpaK81P/lvMj/y6Kl6//u////////tuL/////////////2wBDATI1NUc+R4pMTIr/wqXC////////////////////////////////////////////////////////////////////wAARCAJmAcwDASIAAhEBAxEB/8QAGQAAAwEBAQAAAAAAAAAAAAAAAAECAwQF/8QAORAAAQQBBAEDAwMCBQUAAQUAAQACESExAxJBUWEEInETgZEyobFC0RQjUsHhQ2Jy8PFTB', '2026-01-07 00:01:29.000000', 9),
(7, 10, 'data:image/jpeg;base64,/9j/4AAQSkZJRgABAQAAAQABAAD/4gHYSUNDX1BST0ZJTEUAAQEAAAHIAAAAAAQwAABtbnRyUkdCIFhZWiAH4AABAAEAAAAAAABhY3NwAAAAAAAAAAAAAAAAAAAAAAAAAAAAAAAAAAAAAQAA9tYAAQAAAADTLQAAAAAAAAAAAAAAAAAAAAAAAAAAAAAAAAAAAAAAAAAAAAAAAAAAAAAAAAAAAAAAAAAAAAlkZXNjAAAA8AAAACRyWFlaAAABFAAAABRnWFlaAAABKAAAABRiWFlaAAABPAAAABR3dHB0AAABUAAAABRyVFJDAAABZAAAAChnVFJDAAABZAAAAChiVFJDAAABZAAAAChjcHJ0AAABjAAAADxtbHVjAAAAAAAAAAEAAAAMZW5VUwAAAAgAAAAcAHMAUgBHAEJYWVogAAAAAAAAb6IAADj1AAADkFhZWiAAAAAAAABimQAAt4UAABjaWFlaIAAAAAAAACSgAAAPhAAAts9YWVogAAAAAAAA9tYAAQAAAADTLXBhcmEAAAAAAAQAAAACZmYAAPKnAAANWQAAE9AAAApbAAAAAAAAAABtbHVjAAAAAAAAAAEAAAAMZW5VUwAAACAAAAAcAEcAbwBvAGcAbABlACAASQBuAGMALgAgADIAMAAxADb/2wBDAC8gIykjHS8pJik1Mi84R3ZMR0FBR5BnbVV2q5azsKiWpaK81P/lvMj/y6Kl6//u////////tuL/////////////2wBDATI1NUc+R4pMTIr/wqXC////////////////////////////////////////////////////////////////////wAARCAJmAcwDASIAAhEBAxEB/8QAGQAAAwEBAQAAAAAAAAAAAAAAAAECAwQF/8QAORAAAQQBBAEDAwMCBQUAAQUAAQACESExAxJBUWEEInETgZEyobFC0RQjUsHhQ2Jy8PFTB', '2026-01-07 01:35:55.000000', 10),
(8, 11, 'data:image/jpeg;base64,/9j/4AAQSkZJRgABAQAAAQABAAD/4gHYSUNDX1BST0ZJTEUAAQEAAAHIAAAAAAQwAABtbnRyUkdCIFhZWiAH4AABAAEAAAAAAABhY3NwAAAAAAAAAAAAAAAAAAAAAAAAAAAAAAAAAAAAAQAA9tYAAQAAAADTLQAAAAAAAAAAAAAAAAAAAAAAAAAAAAAAAAAAAAAAAAAAAAAAAAAAAAAAAAAAAAAAAAAAAAlkZXNjAAAA8AAAACRyWFlaAAABFAAAABRnWFlaAAABKAAAABRiWFlaAAABPAAAABR3dHB0AAABUAAAABRyVFJDAAABZAAAAChnVFJDAAABZAAAAChiVFJDAAABZAAAAChjcHJ0AAABjAAAADxtbHVjAAAAAAAAAAEAAAAMZW5VUwAAAAgAAAAcAHMAUgBHAEJYWVogAAAAAAAAb6IAADj1AAADkFhZWiAAAAAAAABimQAAt4UAABjaWFlaIAAAAAAAACSgAAAPhAAAts9YWVogAAAAAAAA9tYAAQAAAADTLXBhcmEAAAAAAAQAAAACZmYAAPKnAAANWQAAE9AAAApbAAAAAAAAAABtbHVjAAAAAAAAAAEAAAAMZW5VUwAAACAAAAAcAEcAbwBvAGcAbABlACAASQBuAGMALgAgADIAMAAxADb/2wBDAC8gIykjHS8pJik1Mi84R3ZMR0FBR5BnbVV2q5azsKiWpaK81P/lvMj/y6Kl6//u////////tuL/////////////2wBDATI1NUc+R4pMTIr/wqXC////////////////////////////////////////////////////////////////////wAARCAJmAcwDASIAAhEBAxEB/8QAGQAAAwEBAQAAAAAAAAAAAAAAAAECAwQF/8QAORAAAQQBBAEDAwMCBQUAAQUAAQACESExAxJBUWEEInETgZEyobFC0RQjUsHhQ2Jy8PFTB', '2026-01-07 01:42:35.000000', 11),
(9, 12, 'data:image/png;base64,iVBORw0KGgoAAAANSUhEUgAAAZoAAAIgCAYAAAC8v6/tAAAAAXNSR0IArs4c6QAAAARnQU1BAACxjwv8YQUAAAAJcEhZcwAADsMAAA7DAcdvqGQAAProSURBVHhe7L13mJTV2cD9mz6zve+yhWWBXVja0juCCmpij68lec0XE42JyWss0RhLEmNJsUbsiGBBuhTpLHVhERYWFpa2je29Tu8z3x/fPM83jIuCuolrzu+65pqZ85xyn/Oc59zPafdR+P1+PwKBQCAQ9BHKUAeBQCAQCL5NhKIRCAQCQZ8iFI1AIBAI+hShaAQCgUDQpwhFIxAIBII+RSgagUAgEPQpQtEIBAKBoE8RikYgEAgEfYpQNAKBQCDoU4SiEQgEAkGfIhSNQCAQCPoUoWgEAoFA0KcIRSMQCASCPkUoGoFAIBD0KULRCAQCgaBPEYrmSxBH9QgEAsE3RyiaXvD7/ed9BAKBQPD1EYrmArjd7lAngUAgEHwN+rWisdvt1NTUsGPHDioqKjAajQD4fD75I+HxePD5fHg8HgAcDgdOp/ML1+12Ow0NDTz00EPY7XYUCoXsRyAQCASXTr9VNA6Hgw0bNlBaWsqAAQNob2/H6XRis9no7Oyks7MTh8OBx+Ohu7ubnp4euru7cblc2Gw2Xn31Vd555x16enqw2WyYTCZaWlpwOBxYrVaKioowGo20trbKykkgEAgEl47q6aeffjrU8buOx+PBaDRy6NAhfvCDH5CRkUFqaiput5slS5Zw+PBhzp07x9q1axkyZAj33nsvkZGRLFq0iLCwMFJSUli8eDGdnZ3k5OSwZ88eNmzYQHd3N5988gkjRoxgyZIlDB06lEWLFhEeHk56ejoqlSpUFIFAIBB8Bf2yR6NSqeQ5FK1Wi0KhQK1W09XVxUcffcR1113HLbfcwo4dO+jo6KCuro4pU6aQlZVFfn4+CoWC5ORkBg8eTEREBGvWrGHevH', '2026-01-07 02:13:29.000000', 12),
(10, 13, 'data:image/jpeg;base64,/9j/4AAQSkZJRgABAQAAAQABAAD/4gHYSUNDX1BST0ZJTEUAAQEAAAHIAAAAAAQwAABtbnRyUkdCIFhZWiAH4AABAAEAAAAAAABhY3NwAAAAAAAAAAAAAAAAAAAAAAAAAAAAAAAAAAAAAQAA9tYAAQAAAADTLQAAAAAAAAAAAAAAAAAAAAAAAAAAAAAAAAAAAAAAAAAAAAAAAAAAAAAAAAAAAAAAAAAAAAlkZXNjAAAA8AAAACRyWFlaAAABFAAAABRnWFlaAAABKAAAABRiWFlaAAABPAAAABR3dHB0AAABUAAAABRyVFJDAAABZAAAAChnVFJDAAABZAAAAChiVFJDAAABZAAAAChjcHJ0AAABjAAAADxtbHVjAAAAAAAAAAEAAAAMZW5VUwAAAAgAAAAcAHMAUgBHAEJYWVogAAAAAAAAb6IAADj1AAADkFhZWiAAAAAAAABimQAAt4UAABjaWFlaIAAAAAAAACSgAAAPhAAAts9YWVogAAAAAAAA9tYAAQAAAADTLXBhcmEAAAAAAAQAAAACZmYAAPKnAAANWQAAE9AAAApbAAAAAAAAAABtbHVjAAAAAAAAAAEAAAAMZW5VUwAAACAAAAAcAEcAbwBvAGcAbABlACAASQBuAGMALgAgADIAMAAxADb/2wBDAC8gIykjHS8pJik1Mi84R3ZMR0FBR5BnbVV2q5azsKiWpaK81P/lvMj/y6Kl6//u////////tuL/////////////2wBDATI1NUc+R4pMTIr/wqXC////////////////////////////////////////////////////////////////////wAARCAJmAcwDASIAAhEBAxEB/8QAGQAAAwEBAQAAAAAAAAAAAAAAAAECAwQF/8QAORAAAQQBBAEDAwMCBQUAAQUAAQACESExAxJBUWEEInETgZEyobFC0RQjUsHhQ2Jy8PFTB', '2026-01-07 02:21:59.000000', 13),
(11, 14, 'data:image/jpeg;base64,/9j/4AAQSkZJRgABAQAAAQABAAD/4gHYSUNDX1BST0ZJTEUAAQEAAAHIAAAAAAQwAABtbnRyUkdCIFhZWiAH4AABAAEAAAAAAABhY3NwAAAAAAAAAAAAAAAAAAAAAAAAAAAAAAAAAAAAAQAA9tYAAQAAAADTLQAAAAAAAAAAAAAAAAAAAAAAAAAAAAAAAAAAAAAAAAAAAAAAAAAAAAAAAAAAAAAAAAAAAAlkZXNjAAAA8AAAACRyWFlaAAABFAAAABRnWFlaAAABKAAAABRiWFlaAAABPAAAABR3dHB0AAABUAAAABRyVFJDAAABZAAAAChnVFJDAAABZAAAAChiVFJDAAABZAAAAChjcHJ0AAABjAAAADxtbHVjAAAAAAAAAAEAAAAMZW5VUwAAAAgAAAAcAHMAUgBHAEJYWVogAAAAAAAAb6IAADj1AAADkFhZWiAAAAAAAABimQAAt4UAABjaWFlaIAAAAAAAACSgAAAPhAAAts9YWVogAAAAAAAA9tYAAQAAAADTLXBhcmEAAAAAAAQAAAACZmYAAPKnAAANWQAAE9AAAApbAAAAAAAAAABtbHVjAAAAAAAAAAEAAAAMZW5VUwAAACAAAAAcAEcAbwBvAGcAbABlACAASQBuAGMALgAgADIAMAAxADb/2wBDAC8gIykjHS8pJik1Mi84R3ZMR0FBR5BnbVV2q5azsKiWpaK81P/lvMj/y6Kl6//u////////tuL/////////////2wBDATI1NUc+R4pMTIr/wqXC////////////////////////////////////////////////////////////////////wAARCAJmAcwDASIAAhEBAxEB/8QAGQAAAwEBAQAAAAAAAAAAAAAAAAECAwQF/8QAORAAAQQBBAEDAwMCBQUAAQUAAQACESExAxJBUWEEInETgZEyobFC0RQjUsHhQ2Jy8PFTB', '2026-01-07 02:31:29.000000', 14),
(12, 15, 'data:image/jpeg;base64,/9j/4AAQSkZJRgABAQAAAQABAAD/4gHYSUNDX1BST0ZJTEUAAQEAAAHIAAAAAAQwAABtbnRyUkdCIFhZWiAH4AABAAEAAAAAAABhY3NwAAAAAAAAAAAAAAAAAAAAAAAAAAAAAAAAAAAAAQAA9tYAAQAAAADTLQAAAAAAAAAAAAAAAAAAAAAAAAAAAAAAAAAAAAAAAAAAAAAAAAAAAAAAAAAAAAAAAAAAAAlkZXNjAAAA8AAAACRyWFlaAAABFAAAABRnWFlaAAABKAAAABRiWFlaAAABPAAAABR3dHB0AAABUAAAABRyVFJDAAABZAAAAChnVFJDAAABZAAAAChiVFJDAAABZAAAAChjcHJ0AAABjAAAADxtbHVjAAAAAAAAAAEAAAAMZW5VUwAAAAgAAAAcAHMAUgBHAEJYWVogAAAAAAAAb6IAADj1AAADkFhZWiAAAAAAAABimQAAt4UAABjaWFlaIAAAAAAAACSgAAAPhAAAts9YWVogAAAAAAAA9tYAAQAAAADTLXBhcmEAAAAAAAQAAAACZmYAAPKnAAANWQAAE9AAAApbAAAAAAAAAABtbHVjAAAAAAAAAAEAAAAMZW5VUwAAACAAAAAcAEcAbwBvAGcAbABlACAASQBuAGMALgAgADIAMAAxADb/2wBDAC8gIykjHS8pJik1Mi84R3ZMR0FBR5BnbVV2q5azsKiWpaK81P/lvMj/y6Kl6//u////////tuL/////////////2wBDATI1NUc+R4pMTIr/wqXC////////////////////////////////////////////////////////////////////wAARCAJmAcwDASIAAhEBAxEB/8QAGQAAAwEBAQAAAAAAAAAAAAAAAAECAwQF/8QAORAAAQQBBAEDAwMCBQUAAQUAAQACESExAxJBUWEEInETgZEyobFC0RQjUsHhQ2Jy8PFTB', '2026-01-15 02:33:49.000000', 15);

-- --------------------------------------------------------

--
-- Table structure for table `masyarakat`
--

CREATE TABLE `masyarakat` (
  `id_masyarakat` int(11) NOT NULL,
  `nama` text NOT NULL,
  `nik` int(16) NOT NULL,
  `no_hp` int(15) NOT NULL,
  `alamat` varchar(500) NOT NULL
) ENGINE=InnoDB DEFAULT CHARSET=utf8mb4 COLLATE=utf8mb4_general_ci;

--
-- Dumping data for table `masyarakat`
--

INSERT INTO `masyarakat` (`id_masyarakat`, `nama`, `nik`, `no_hp`, `alamat`) VALUES
(2, 'Gabriella Wena Susanti Bara', 2147483647, 2147483647, 'JL. WIRATAMA LK. III'),
(3, 'Gabriella Wena Susanti Bara', 2147483647, 2147483647, 'JL. WIRATAMA LK. III'),
(4, 'Gabriella Wena Susanti Bara', 2147483647, 2147483647, 'JL. WIRATAMA LK. III'),
(5, 'Gabriella Wena Susanti Bara', 2147483647, 2147483647, 'Perum griya alam asri blok A6 kadokan sawah'),
(6, 'Karima Najwa', 2147483647, 2147483647, 'Perum griya alam asri blok A6 kadokan sawah'),
(7, 'Karima Najwa', 2147483647, 2147483647, 'Perum griya alam asri blok A6 kadokan sawah'),
(8, 'Gabriella Wena Susanti Bara', 2147483647, 2147483647, 'Perum griya alam asri blok A6 kadokan sawah'),
(9, 'Gabriella Wena Susanti Bara', 2147483647, 2147483647, 'Perum griya alam asri blok A6 kadokan sawah'),
(10, 'Gabriella Wena Susanti Bara', 2147483647, 2147483647, 'Perum griya alam asri blok A6 kadokan sawah'),
(11, 'Gabriella Wena Susanti Bara', 2147483647, 2147483647, 'Perum griya alam asri blok A6 kadokan sawah'),
(12, 'Gabriella Wena Susanti Bara', 2147483647, 2147483647, 'Perum griya alam asri blok A6 kadokan sawah'),
(13, 'Gabriella Wena Susanti Bara', 2147483647, 2147483647, 'Perum griya alam asri blok A6 kadokan sawah'),
(14, 'Jumianto ', 2147483647, 2147483647, 'Jln hakim Tegalharjo'),
(15, 'Gabriella Wena Susanti Bara', 2147483647, 2147483647, 'Perum griya alam asri blok A6 kadokan sawah');

-- --------------------------------------------------------

--
-- Table structure for table `pengaduan`
--

CREATE TABLE `pengaduan` (
  `id_pengaduan` int(11) NOT NULL,
  `id_masyarakat` int(11) NOT NULL,
  `deskripsi` varchar(1000) NOT NULL,
  `lokasi` varchar(1000) NOT NULL,
  `status` varchar(100) NOT NULL
) ENGINE=InnoDB DEFAULT CHARSET=utf8mb4 COLLATE=utf8mb4_general_ci;

--
-- Dumping data for table `pengaduan`
--

INSERT INTO `pengaduan` (`id_pengaduan`, `id_masyarakat`, `deskripsi`, `lokasi`, `status`) VALUES
(4, 4, 'jalan berlubang', 'JL. WIRATAMA LK. III', 'pending'),
(5, 5, 'jalan rusak', 'Perum griya alam asri blok A6 kadokan sawah', 'pending'),
(6, 6, 'jalan', 'Perum griya alam asri blok A6 kadokan sawah', 'pending'),
(7, 7, 'enak', 'Perum griya alam asri blok A6 kadokan sawah', 'pending'),
(8, 8, 'berlubang', 'Perum griya alam asri blok A6 kadokan sawah', 'pending'),
(9, 9, 'jalan jelek', 'Perum griya alam asri blok A6 kadokan sawah', 'pending'),
(10, 10, 'jalan rusak\n', 'Perum griya alam asri blok A6 kadokan sawah', 'pending'),
(11, 11, 'jalan rusak', 'Perum griya alam asri blok A6 kadokan sawah', 'pending'),
(12, 12, 'sfsdg', 'Perum griya alam asri blok A6 kadokan sawah', 'pending'),
(13, 13, 'jalanan berlubang dsb', 'Perum griya alam asri blok A6 kadokan sawah', 'pending'),
(14, 14, 'Pembakaran sampah yang mengganggu warga setempat', 'Jln hakim Tegalharjo', 'pending'),
(15, 15, 'jalan lubangg', 'Perum griya alam asri blok A6 kadokan sawah', 'pending');

-- --------------------------------------------------------

--
-- Table structure for table `validasi`
--

CREATE TABLE `validasi` (
  `id_validasi` int(11) NOT NULL,
  `id_pengaduan` int(11) NOT NULL,
  `Id_admin` int(11) NOT NULL
) ENGINE=InnoDB DEFAULT CHARSET=utf8mb4 COLLATE=utf8mb4_general_ci;

--
-- Indexes for dumped tables
--

--
-- Indexes for table `admin`
--
ALTER TABLE `admin`
  ADD PRIMARY KEY (`Id_admin`);

--
-- Indexes for table `foto`
--
ALTER TABLE `foto`
  ADD PRIMARY KEY (`id_foto`),
  ADD KEY `foto_ibfk_1` (`id_pengaduan`);

--
-- Indexes for table `masyarakat`
--
ALTER TABLE `masyarakat`
  ADD PRIMARY KEY (`id_masyarakat`);

--
-- Indexes for table `pengaduan`
--
ALTER TABLE `pengaduan`
  ADD PRIMARY KEY (`id_pengaduan`),
  ADD UNIQUE KEY `id_masyarakat` (`id_masyarakat`);

--
-- Indexes for table `validasi`
--
ALTER TABLE `validasi`
  ADD PRIMARY KEY (`id_validasi`),
  ADD KEY `validasi_ibfk_2` (`id_pengaduan`),
  ADD KEY `validasi_ibfk_4` (`Id_admin`);

--
-- AUTO_INCREMENT for dumped tables
--

--
-- AUTO_INCREMENT for table `admin`
--
ALTER TABLE `admin`
  MODIFY `Id_admin` int(11) NOT NULL AUTO_INCREMENT;

--
-- AUTO_INCREMENT for table `foto`
--
ALTER TABLE `foto`
  MODIFY `id_foto` int(11) NOT NULL AUTO_INCREMENT, AUTO_INCREMENT=13;

--
-- AUTO_INCREMENT for table `masyarakat`
--
ALTER TABLE `masyarakat`
  MODIFY `id_masyarakat` int(11) NOT NULL AUTO_INCREMENT, AUTO_INCREMENT=16;

--
-- AUTO_INCREMENT for table `pengaduan`
--
ALTER TABLE `pengaduan`
  MODIFY `id_pengaduan` int(11) NOT NULL AUTO_INCREMENT, AUTO_INCREMENT=16;

--
-- AUTO_INCREMENT for table `validasi`
--
ALTER TABLE `validasi`
  MODIFY `id_validasi` int(11) NOT NULL AUTO_INCREMENT;

--
-- Constraints for dumped tables
--

--
-- Constraints for table `foto`
--
ALTER TABLE `foto`
  ADD CONSTRAINT `foto_ibfk_1` FOREIGN KEY (`id_pengaduan`) REFERENCES `pengaduan` (`id_pengaduan`) ON DELETE CASCADE ON UPDATE CASCADE;

--
-- Constraints for table `pengaduan`
--
ALTER TABLE `pengaduan`
  ADD CONSTRAINT `pengaduan_ibfk_2` FOREIGN KEY (`id_masyarakat`) REFERENCES `masyarakat` (`id_masyarakat`);

--
-- Constraints for table `validasi`
--
ALTER TABLE `validasi`
  ADD CONSTRAINT `validasi_ibfk_2` FOREIGN KEY (`id_pengaduan`) REFERENCES `pengaduan` (`id_pengaduan`) ON DELETE CASCADE ON UPDATE CASCADE,
  ADD CONSTRAINT `validasi_ibfk_3` FOREIGN KEY (`id_validasi`) REFERENCES `admin` (`Id_admin`);
COMMIT;

/*!40101 SET CHARACTER_SET_CLIENT=@OLD_CHARACTER_SET_CLIENT */;
/*!40101 SET CHARACTER_SET_RESULTS=@OLD_CHARACTER_SET_RESULTS */;
/*!40101 SET COLLATION_CONNECTION=@OLD_COLLATION_CONNECTION */;
